{
    "Apple___Apple_Scab": {
        "precision": 0.989247311827957,
        "recall": 0.9787234042553191,
        "f1-score": 0.983957219251337,
        "support": 94
    },
    "Apple___Black_Rot": {
        "precision": 1.0,
        "recall": 1.0,
        "f1-score": 1.0,
        "support": 91
    },
    "Apple___Cedar_Apple_Rust": {
        "precision": 1.0,
        "recall": 1.0,
        "f1-score": 1.0,
        "support": 42
    },
    "Apple___Healthy": {
        "precision": 0.9748953974895398,
        "recall": 0.9748953974895398,
        "f1-score": 0.9748953974895398,
        "support": 239
    },
    "Blueberry___Healthy": {
        "precision": 0.933920704845815,
        "recall": 1.0,
        "f1-score": 0.9658314350797266,
        "support": 212
    },
    "Cherry_(Including_Sour)___Healthy": {
        "precision": 1.0,
        "recall": 1.0,
        "f1-score": 1.0,
        "support": 118
    },
    "Cherry_(Including_Sour)___Powdery_Mildew": {
        "precision": 0.9620253164556962,
        "recall": 1.0,
        "f1-score": 0.9806451612903226,
        "support": 152
    },
    "Corn_(Maize)___Cercospora_Leaf_Spot_Gray_Leaf_Spot": {
        "precision": 0.96,
        "recall": 0.96,
        "f1-score": 0.96,
        "support": 75
    },
    "Corn_(Maize)___Common_Rust": {
        "precision": 1.0,
        "recall": 1.0,
        "f1-score": 1.0,
        "support": 178
    },
    "Corn_(Maize)___Healthy": {
        "precision": 1.0,
        "recall": 0.9941860465116279,
        "f1-score": 0.9970845481049563,
        "support": 172
    },
    "Corn_(Maize)___Northern_Leaf_Blight": {
        "precision": 0.9788732394366197,
        "recall": 0.9788732394366197,
        "f1-score": 0.9788732394366197,
        "support": 142
    },
    "Grape___Black_Rot": {
        "precision": 0.9318181818181818,
        "recall": 0.9879518072289156,
        "f1-score": 0.9590643274853801,
        "support": 166
    },
    "Grape___Esca_(Black_Measles)": {
        "precision": 0.9946236559139785,
        "recall": 0.9946236559139785,
        "f1-score": 0.9946236559139785,
        "support": 186
    },
    "Grape___Healthy": {
        "precision": 1.0,
        "recall": 0.9655172413793104,
        "f1-score": 0.9824561403508771,
        "support": 58
    },
    "Grape___Leaf_Blight_(Isariopsis_Leaf_Spot)": {
        "precision": 1.0,
        "recall": 0.9194630872483222,
        "f1-score": 0.958041958041958,
        "support": 149
    },
    "Orange___Haunglongbing_(Citrus_Greening)": {
        "precision": 0.99860529986053,
        "recall": 0.9903181189488244,
        "f1-score": 0.9944444444444444,
        "support": 723
    },
    "Peach___Bacterial_Spot": {
        "precision": 0.991044776119403,
        "recall": 1.0,
        "f1-score": 0.9955022488755623,
        "support": 332
    },
    "Peach___Healthy": {
        "precision": 0.8928571428571429,
        "recall": 1.0,
        "f1-score": 0.9433962264150945,
        "support": 50
    },
    "Pepper,_Bell___Bacterial_Spot": {
        "precision": 0.9863945578231292,
        "recall": 0.9931506849315068,
        "f1-score": 0.9897610921501707,
        "support": 146
    },
    "Pepper,_Bell___Healthy": {
        "precision": 0.9666666666666667,
        "recall": 0.9759615384615384,
        "f1-score": 0.9712918660287081,
        "support": 208
    },
    "Potato___Early_Blight": {
        "precision": 1.0,
        "recall": 0.9261744966442953,
        "f1-score": 0.9616724738675958,
        "support": 149
    },
    "Potato___Healthy": {
        "precision": 0.8076923076923077,
        "recall": 1.0,
        "f1-score": 0.8936170212765957,
        "support": 21
    },
    "Potato___Late_Blight": {
        "precision": 0.9923664122137404,
        "recall": 0.9219858156028369,
        "f1-score": 0.9558823529411765,
        "support": 141
    },
    "Raspberry___Healthy": {
        "precision": 1.0,
        "recall": 0.9782608695652174,
        "f1-score": 0.989010989010989,
        "support": 46
    },
    "Soybean___Healthy": {
        "precision": 1.0,
        "recall": 0.9439728353140917,
        "f1-score": 0.9711790393013101,
        "support": 589
    },
    "Squash___Powdery_Mildew": {
        "precision": 1.0,
        "recall": 0.9854014598540146,
        "f1-score": 0.9926470588235294,
        "support": 274
    },
    "Strawberry___Healthy": {
        "precision": 1.0,
        "recall": 0.875,
        "f1-score": 0.9333333333333333,
        "support": 64
    },
    "Strawberry___Leaf_Scorch": {
        "precision": 0.9936305732484076,
        "recall": 0.9873417721518988,
        "f1-score": 0.9904761904761905,
        "support": 158
    },
    "Tomato___Bacterial_Spot": {
        "precision": 0.9693486590038314,
        "recall": 0.947565543071161,
        "f1-score": 0.9583333333333331,
        "support": 267
    },
    "Tomato___Early_Blight": {
        "precision": 0.8986486486486487,
        "recall": 0.9432624113475178,
        "f1-score": 0.9204152249134949,
        "support": 141
    },
    "Tomato___Healthy": {
        "precision": 1.0,
        "recall": 0.9045454545454545,
        "f1-score": 0.9498806682577565,
        "support": 220
    },
    "Tomato___Late_Blight": {
        "precision": 0.8885135135135135,
        "recall": 0.9598540145985401,
        "f1-score": 0.9228070175438596,
        "support": 274
    },
    "Tomato___Leaf_Mold": {
        "precision": 0.9710144927536232,
        "recall": 1.0,
        "f1-score": 0.9852941176470589,
        "support": 134
    },
    "Tomato___Septoria_Leaf_Spot": {
        "precision": 0.952755905511811,
        "recall": 0.9877551020408163,
        "f1-score": 0.969939879759519,
        "support": 245
    },
    "Tomato___Spider_Mites_Two-Spotted_Spider_Mite": {
        "precision": 0.9051724137931034,
        "recall": 0.9905660377358491,
        "f1-score": 0.9459459459459458,
        "support": 212
    },
    "Tomato___Target_Spot": {
        "precision": 0.9206349206349206,
        "recall": 0.9720670391061452,
        "f1-score": 0.9456521739130433,
        "support": 179
    },
    "Tomato___Tomato_Mosaic_Virus": {
        "precision": 0.9310344827586207,
        "recall": 1.0,
        "f1-score": 0.9642857142857143,
        "support": 54
    },
    "Tomato___Tomato_Yellow_Leaf_Curl_Virus": {
        "precision": 0.9931972789115646,
        "recall": 0.9838274932614556,
        "f1-score": 0.988490182802979,
        "support": 742
    },
    "accuracy": 0.9743383044471315,
    "macro avg": {
        "precision": 0.9680258384157565,
        "recall": 0.9742432780695999,
        "f1-score": 0.9702297809945291,
        "support": 7443
    },
    "weighted avg": {
        "precision": 0.9756749162214639,
        "recall": 0.9743383044471315,
        "f1-score": 0.9744707605116307,
        "support": 7443
    }
}